Metric	Raw	Trimmed
Total_kmers	59017257	54668950
Shannon_diversity	5.471913273271754	5.4686151564199745
